username,email,registration_date,birth_date
testUser1,testUser1@gmail.com,2022-07-08,1999-07-08
testUser2,testUser2@poczta.onet.pl,2022-08-17,2000-06-05
Buster Cora,buster.cora@gmail.com,2022-07-20,1968-02-24
Omega Sabrina,omega.sabrina@gmail.com,2022-09-23,1964-07-01
Darcey Robin,darcey.robin@gmail.com,2022-01-03,2001-03-20
Jamey Theo,jamey.theo@gmail.com,2022-02-15,1991-01-28
Lorina Anjanette,lorina.anjanette@gmail.com,2022-03-22,1979-09-18
Paula Bethanie,paula.bethanie@gmail.com,2022-01-14,2007-06-06
Eli Lesley,eli.lesley@gmail.com,2022-02-20,1978-09-10
Marisol Pat,marisol.pat@gmail.com,2022-02-21,1965-04-27
Regina Elizabet,regina.elizabet@gmail.com,2022-04-06,2003-09-22
Royce Brant,royce.brant@gmail.com,2022-01-04,2006-03-31
Milford Jason,milford.jason@gmail.com,2022-04-30,1973-07-17
Steve Nicolasa,steve.nicolasa@gmail.com,2022-03-03,1987-09-17
Britney Mana,britney.mana@gmail.com,2022-01-13,2009-04-15
Pat Marcelino,pat.marcelino@gmail.com,2022-02-13,1995-11-23
Genna Mozella,genna.mozella@gmail.com,2022-03-26,1965-04-24
Jamie Kevin,jamie.kevin@gmail.com,2022-07-04,2007-10-09
Karl Dorothea,karl.dorothea@gmail.com,2022-07-21,1988-04-09
Kristy Johnathan,kristy.johnathan@gmail.com,2022-02-16,1983-11-15
Normand Chas,normand.chas@gmail.com,2022-08-12,1968-11-13
Sunny Renita,sunny.renita@gmail.com,2022-08-14,1974-05-01
Fernando Roxy,fernando.roxy@gmail.com,2022-01-06,1992-06-17
Mirta Jon,mirta.jon@gmail.com,2022-09-29,1989-12-31
Thuy Dahlia,thuy.dahlia@gmail.com,2022-08-30,1963-04-13
Henry Jeannetta,henry.jeannetta@gmail.com,2022-02-19,1974-04-26
Georgiana Louis,georgiana.louis@gmail.com,2022-02-01,1979-02-08
Lean Calvin,lean.calvin@gmail.com,2022-08-06,1969-10-21
Hedy Marlena,hedy.marlena@gmail.com,2022-02-10,1977-12-04
Julian Clarisa,julian.clarisa@gmail.com,2022-02-19,1980-01-08
Sam Yi,sam.yi@gmail.com,2022-02-28,1970-01-11
Camille Wilfredo,camille.wilfredo@gmail.com,2022-06-17,1970-01-22
Taunya Kurt,taunya.kurt@gmail.com,2022-05-24,1966-08-15
Emilia Reed,emilia.reed@gmail.com,2022-07-25,1994-04-18
Alphonso Krystin,alphonso.krystin@gmail.com,2022-09-15,1964-01-17
Rena Pok,rena.pok@gmail.com,2022-01-04,1997-09-07
Carolyn Gregg,carolyn.gregg@gmail.com,2022-01-24,1991-12-20
Ashlyn Alicia,ashlyn.alicia@gmail.com,2022-09-13,1964-03-09
Chanell Meggan,chanell.meggan@gmail.com,2022-10-06,1979-11-15
Dane Elton,dane.elton@gmail.com,2022-01-11,1977-01-28
Elvie Grover,elvie.grover@gmail.com,2022-09-01,1994-02-13
Regina Nia,regina.nia@gmail.com,2022-07-20,2009-06-15
Dillon Garland,dillon.garland@gmail.com,2022-03-15,1974-08-15
Emilie Jake,emilie.jake@gmail.com,2022-04-15,1997-08-23
Leslie Loria,leslie.loria@gmail.com,2022-09-06,1992-08-24
Timothy Jeremiah,timothy.jeremiah@gmail.com,2022-03-10,1981-10-06
Abby Tonda,abby.tonda@gmail.com,2022-03-23,1996-12-08
Kory Robt,kory.robt@gmail.com,2022-08-08,1979-03-10
Sebastian Mitch,sebastian.mitch@gmail.com,2022-06-26,2001-06-23
Nieves Jean,nieves.jean@gmail.com,2022-07-07,1994-04-15
Priscila Wesley,priscila.wesley@gmail.com,2022-03-11,1977-10-07
Lorri Billy,lorri.billy@gmail.com,2022-08-09,1962-12-14
Annie Kiera,annie.kiera@gmail.com,2022-02-22,1973-03-27
Izetta Roberto,izetta.roberto@gmail.com,2022-01-19,1993-09-20
Ebonie Brandon,ebonie.brandon@gmail.com,2022-07-17,2002-06-21
Les Dia,les.dia@gmail.com,2022-02-28,1992-08-12
Christel Elliot,christel.elliot@gmail.com,2022-02-11,1992-02-05
Artie Chong,artie.chong@gmail.com,2022-06-27,1997-08-11
August Candis,august.candis@gmail.com,2022-08-11,1965-12-24
Mitchel Lenard,mitchel.lenard@gmail.com,2022-03-14,1987-01-08
Irene Tawana,irene.tawana@gmail.com,2022-06-04,1998-03-31
Claris Buster,claris.buster@gmail.com,2022-09-11,1974-07-24
Janyce Rosamaria,janyce.rosamaria@gmail.com,2022-06-30,1987-10-01
Alecia Eduardo,alecia.eduardo@gmail.com,2022-07-23,1997-05-08
Louann Orval,louann.orval@gmail.com,2022-05-13,1969-06-17
Ara Hank,ara.hank@gmail.com,2022-04-22,1993-05-31
Candyce Phillip,candyce.phillip@gmail.com,2022-01-30,2005-12-09
Ilana Michal,ilana.michal@gmail.com,2022-06-23,1999-04-19
Casey Kori,casey.kori@gmail.com,2022-01-05,1982-04-30
Tai Honey,tai.honey@gmail.com,2022-05-07,2000-02-13
Merlin Gino,merlin.gino@gmail.com,2022-08-21,1965-03-10
Cori Domenic,cori.domenic@gmail.com,2022-04-01,1970-11-15
Virgilio Juli,virgilio.juli@gmail.com,2022-09-27,1966-07-31
Nubia Michel,nubia.michel@gmail.com,2022-06-16,1990-12-13
Brett Perla,brett.perla@gmail.com,2022-09-21,1974-01-28
Adolph Sheree,adolph.sheree@gmail.com,2022-08-24,1990-10-11
Hai Yoshie,hai.yoshie@gmail.com,2022-03-20,2009-02-21
Mikel Jame,mikel.jame@gmail.com,2022-05-15,1991-10-29
Max Angelica,max.angelica@gmail.com,2022-03-27,2005-08-06
Dara Lennie,dara.lennie@gmail.com,2022-01-13,1976-01-25
Simon Danial,simon.danial@gmail.com,2022-08-17,2006-11-28
Yuko Lesley,yuko.lesley@gmail.com,2022-01-04,1997-10-28
Zachariah Delmar,zachariah.delmar@gmail.com,2022-01-16,1991-11-14
Alfred Alvera,alfred.alvera@gmail.com,2022-01-12,1991-07-11
Mohammed Lashandra,mohammed.lashandra@gmail.com,2022-08-27,1984-11-27
Nelia Charissa,nelia.charissa@gmail.com,2022-05-06,1980-04-03
Marion Ericka,marion.ericka@gmail.com,2022-08-17,1999-03-09
Maria Antione,maria.antione@gmail.com,2022-05-30,1997-07-30
Cameron Brenton,cameron.brenton@gmail.com,2022-05-04,1988-09-21
Anjelica Tosha,anjelica.tosha@gmail.com,2022-08-13,1974-07-07
Arlette Vickey,arlette.vickey@gmail.com,2022-07-31,1994-07-24
Frances Yoshie,frances.yoshie@gmail.com,2022-06-11,2000-02-25
Cecily Clarine,cecily.clarine@gmail.com,2022-05-23,1978-10-21
Josefine Larae,josefine.larae@gmail.com,2022-02-26,1972-01-20
Roland Lezlie,roland.lezlie@gmail.com,2022-07-30,1982-07-20
Oneida Laura,oneida.laura@gmail.com,2022-01-29,1968-09-19
Magda Serina,magda.serina@gmail.com,2022-02-18,1979-03-31
Marcos Santiago,marcos.santiago@gmail.com,2022-08-16,1982-07-17
Alla Evan,alla.evan@gmail.com,2022-06-17,1986-04-23
Salvador Kanisha,salvador.kanisha@gmail.com,2022-06-18,1990-07-18
Thomasena Stephan,thomasena.stephan@gmail.com,2022-04-22,2009-05-22
Niki Barbra,niki.barbra@gmail.com,2022-09-06,1987-01-03

